code,name,region,cumulative_net_migration,urbanization_change,median_age_change,unemployment_change,unemployment_1991,unemployment_2010,urbanization_1960,urbanization_2010,median_age_1960,median_age_2010,population_1960,population_2010
AUT,Austria,Western,876365.0,-7.300000000000004,6.299999999999997,1.5000000000000004,3.4,4.9,64.7,57.4,34.5,40.8,7047539,8363404
BEL,Belgium,Western,1055664.0,5.200000000000003,5.899999999999999,1.3000000000000007,7.0,8.3,92.5,97.7,33.9,39.8,9153489,10895586
CYP,Cyprus,Western,173811.0,31.999999999999993,10.899999999999999,3.4000000000000004,3.0,6.4,35.6,67.6,22.0,32.9,586490,1127816
DNK,Denmark,Western,364682.0,13.099999999999994,7.5,-1.3999999999999995,9.1,7.7,73.7,86.8,32.1,39.6,4579603,5547683
FIN,Finland,Western,20951.0,28.5,13.600000000000001,1.9000000000000004,6.5,8.4,55.3,83.8,27.4,41.0,4429634,5363352
FRA,France,Western,4547896.0,16.500000000000007,7.199999999999999,0.20000000000000107,9.1,9.3,61.9,78.4,31.8,39.0,47412964,65026211
DEU,Germany,Western,8606096.0,5.599999999999994,9.599999999999994,1.7000000000000002,5.3,7.0,71.4,77.0,33.7,43.3,72814900,81776930
GRC,Greece,Western,596645.0,20.4,12.799999999999997,5.1,7.6,12.7,55.9,76.3,27.5,40.3,8331725,11121341
ISL,Iceland,Western,3421.0,13.299999999999997,9.5,5.1,2.5,7.6,80.3,93.6,24.4,33.9,175574,318041
IRL,Ireland,Western,182732.0,16.299999999999997,4.199999999999996,-1.3000000000000007,15.8,14.5,45.2,61.5,29.1,33.3,2828600,4560155
ITA,Italy,Western,3559575.0,8.899999999999999,12.0,-1.6999999999999993,10.1,8.4,59.4,68.3,30.5,42.5,50199700,59819407
LIE,Liechtenstein,Western,9492.0,-5.899999999999999,13.200000000000003,,,,20.4,14.5,26.9,40.1,16451,36022
LUX,Luxembourg,Western,157766.0,18.900000000000006,3.8999999999999986,2.9000000000000004,1.5,4.4,69.6,88.5,34.1,38.0,313970,506953
MLT,Malta,Western,-32637.0,4.0,15.900000000000002,0.6000000000000005,6.3,6.9,90.1,94.1,22.7,38.6,326550,414508
NLD,Netherlands,Western,1247064.0,27.299999999999997,11.900000000000002,-2.3,7.3,5.0,59.8,87.1,27.8,39.7,11486631,16615394
NOR,Norway,Western,462909.0,29.199999999999996,4.300000000000004,-1.9000000000000004,5.4,3.5,49.9,79.1,33.4,37.7,3581239,4889252
PRT,Portugal,Western,-834776.0,25.6,13.7,6.9,3.9,10.8,35.0,60.6,26.8,40.5,8857716,10573100
ESP,Spain,Western,6009104.0,21.800000000000004,10.800000000000004,3.9999999999999982,15.9,19.9,56.6,78.4,28.4,39.2,30455000,46576897
SWE,Sweden,Western,1117997.0,12.599999999999994,4.600000000000001,5.3999999999999995,3.2,8.6,72.5,85.1,35.1,39.7,7484656,9378126
CHE,Switzerland,Western,1342968.0,2.6999999999999886,8.899999999999999,3.0,1.8,4.8,70.9,73.6,31.6,40.5,5327827,7824909
GBR,United Kingdom,Western,3229335.0,2.8999999999999915,3.700000000000003,-0.5999999999999996,8.6,8.0,78.4,81.3,34.5,38.2,52400000,62766365
ALB,Albania,Eastern,-1195499.0,21.500000000000004,12.8,3.799999999999999,10.3,14.1,30.7,52.2,18.8,31.6,1608800,2913021
BIH,Bosnia and Herzegovina,Eastern,-1286288.0,26.6,17.6,9.7,17.6,27.3,19.0,45.6,20.5,38.1,3281381,3811472
BGR,Bulgaria,Eastern,-1010759.0,35.199999999999996,11.700000000000003,-0.7999999999999989,11.1,10.3,37.1,72.3,29.4,41.1,7867374,7395599
HRV,Croatia,Eastern,-447967.0,25.000000000000004,13.0,0.5,11.1,11.6,30.2,55.2,28.0,41.0,4140181,4295427
CZE,Czech Republic,Eastern,233768.0,13.799999999999997,6.600000000000001,5.0,2.3,7.3,59.5,73.3,32.1,38.7,9602006,10474410
EST,Estonia,Eastern,34287.0,10.599999999999994,8.199999999999996,15.2,1.5,16.7,57.5,68.1,31.1,39.3,1211537,1331475
HUN,Hungary,Eastern,131331.0,13.000000000000007,7.799999999999997,2.6999999999999993,8.5,11.2,55.9,68.9,31.1,38.9,9983512,10000023
LVA,Latvia,Eastern,-35425.0,14.899999999999999,8.900000000000002,16.8,2.7,19.5,52.9,67.8,31.2,40.1,2120979,2097555
LTU,Lithuania,Eastern,-339623.0,27.299999999999997,12.200000000000003,16.7,1.1,17.8,39.5,66.8,27.5,39.7,2778550,3097282
MDA,Moldova,Eastern,-964870.0,19.200000000000003,10.100000000000001,1.1,1.9,3.0,23.4,42.6,23.5,33.6,2058020,2862354
MNE,Montenegro,Eastern,-127465.0,45.3,13.599999999999998,-10.5,30.1,19.6,18.8,64.1,21.7,35.3,480579,619428
MKD,North Macedonia,Eastern,-443705.0,23.1,13.7,8.600000000000001,24.5,33.1,34.0,57.1,20.8,34.5,1435059,1946298
POL,Poland,Eastern,-1583532.0,13.0,11.299999999999997,-4.0,13.6,9.6,47.9,60.9,25.6,36.9,29637450,38042794
ROU,Romania,Eastern,-2281182.0,19.599999999999994,10.799999999999997,-1.1999999999999993,8.2,7.0,34.2,53.8,27.5,38.3,18406905,20246871
SRB,Serbia,Eastern,-125748.0,25.9,13.500000000000004,5.799999999999999,13.4,19.2,29.1,55.0,27.7,41.2,6638992,7291436
SVK,Slovakia,Eastern,-183917.0,21.200000000000003,9.400000000000002,2.3000000000000007,12.1,14.4,33.5,54.7,26.7,36.1,4068095,5391428
SVN,Slovenia,Eastern,92430.0,24.500000000000004,12.5,0.10000000000000053,7.1,7.2,28.2,52.7,28.0,40.5,1584720,2048583
